nk,deg,C,only_num,auc,f1
3,2,0.1,True,0.9932664740751319,0.9564779874213837
3,2,0.1,False,0.9932318443693168,0.9561712846347608
3,2,0.3,True,0.9933720002332153,0.9571106094808126
3,2,0.3,False,0.9933557557530329,0.9572649572649573
3,2,1.0,True,0.9933858521155413,0.9582074521651561
3,2,1.0,False,0.9933735113476507,0.9582074521651561
3,2,3.0,True,0.9933607928011515,0.9588279868653701
3,2,3.0,False,0.9933543705648005,0.9590495449949444
3,3,0.1,True,0.99372572693734,0.9611576542269612
3,3,0.1,False,0.9937029342946037,0.9606698807409287
3,3,0.3,True,0.9937481418014674,0.9611307420494699
3,3,0.3,False,0.9937266084207607,0.9608684675586973
3,3,1.0,True,0.9936491638059382,0.9606060606060606
3,3,1.0,False,0.9936310304327114,0.9603635445594547
3,3,3.0,True,0.9935510672938296,0.9611181702668361
3,3,3.0,False,0.9935484228435673,0.9613624809354346
4,2,0.1,True,0.9935228598243656,0.9578113014574278
4,2,0.1,False,0.9934867190041151,0.9575171712032562
4,2,0.3,True,0.9935591265708191,0.9598383430159131
4,2,0.3,False,0.9935403635665776,0.959
4,2,1.0,True,0.9934711041549477,0.9584599797365755
4,2,1.0,False,0.9934533485603296,0.9581442259203228
4,2,3.0,True,0.9933809409936257,0.9579403517716034
4,2,3.0,False,0.9933814446984375,0.9579107505070994
4,3,0.1,True,0.9936559638208983,0.9597570235383447
4,3,0.1,False,0.9936054674135097,0.9593126105635582
4,3,0.3,True,0.9935452746884931,0.9601412714429869
4,3,0.3,False,0.9935305413227464,0.9598991172761665
4,3,1.0,True,0.9933850965583235,0.9582697201017811
4,3,1.0,False,0.9933796817315963,0.9581536900836927
4,3,3.0,True,0.9932464518088607,0.9569183983781044
4,3,3.0,False,0.9932411629083362,0.9567430025445293
5,2,0.1,True,0.9933615483583693,0.9583967529173009
5,2,0.1,False,0.9933207482686092,0.958576874205845
5,2,0.3,True,0.9932611851746074,0.9576679340937896
5,2,0.3,False,0.9932372591960442,0.9576893843425386
5,2,1.0,True,0.9931159922625904,0.9572043555330464
5,2,1.0,False,0.993110577435863,0.9569620253164557
5,2,3.0,True,0.9929948512553395,0.9564336372847011
5,2,3.0,False,0.9930065623922151,0.9563451776649746
5,3,0.1,True,0.9935004449602381,0.9583858764186634
5,3,0.1,False,0.9934564967154038,0.9577031530376826
5,3,0.3,True,0.9934153188470347,0.9587109768378651
5,3,0.3,False,0.9933918965732835,0.9584696702743519
5,3,1.0,True,0.9932934222825659,0.9575270168384016
5,3,1.0,False,0.9932688666729882,0.9573170731707317
5,3,3.0,True,0.9931066737235711,0.9568706118355065
5,3,3.0,False,0.9931047848305267,0.9570957095709571
6,2,0.1,True,0.9932984593306845,0.9579533941236069
6,2,0.1,False,0.9932536296024296,0.9579533941236069
6,2,0.3,True,0.9932480888494991,0.9573770491803278
6,2,0.3,False,0.9932367554912325,0.9576185671039354
6,2,1.0,True,0.9931339997096141,0.9566968781470292
6,2,1.0,False,0.9931332441523963,0.9566750629722922
6,2,3.0,True,0.9930389254263767,0.9558415341912693
6,2,3.0,False,0.9930372883857381,0.9559969826502389
6,3,0.1,True,0.9933581483508893,0.9573770491803278
6,3,0.1,False,0.9933066445338771,0.9572908769269649
6,3,0.3,True,0.9932363777126237,0.9573555387332828
6,3,0.3,False,0.993214340627105,0.9575971731448764
6,3,1.0,True,0.9930498810060346,0.9563462023719405
6,3,1.0,False,0.9930221772413824,0.9563462023719405
6,3,3.0,True,0.9928666583807225,0.9555555555555556
6,3,3.0,False,0.9928597324395595,0.9555555555555556
