nl,md,mcs,ra,rl,auc,f1
7,-1,20,0.5,2.0,0.9926037244689345,0.9552618200305033
15,-1,20,0.5,2.0,0.9925316946808395,0.9548093915677859
24,-1,20,0.5,2.0,0.9925810577524011,0.953204476093591
31,-1,20,0.5,2.0,0.9925939022251035,0.9542582764720748
7,3,20,0.5,2.0,0.9926301689715569,0.9548321978299268
7,4,20,0.5,2.0,0.9925654429032336,0.9553143145670285
7,5,20,0.5,2.0,0.9925634280839862,0.9550419100838202
7,6,20,0.5,2.0,0.9926037244689345,0.9552618200305033
7,3,5,0.5,2.0,0.9926499393854221,0.9547637098812232
7,3,50,0.5,2.0,0.992615813384419,0.9543275296492556
7,3,100,0.5,2.0,0.9925479391610217,0.9547865622631978
7,3,5,0.0,2.0,0.9926175763512606,0.9539390888497357
7,3,5,0.25,2.0,0.9926566134741793,0.9544876684464785
7,3,5,1.0,2.0,0.9926517023522639,0.9547865622631978
7,3,5,2.0,2.0,0.9927655396397428,0.9546252193532213
7,3,5,2.0,0.0,0.9926933839254445,0.9541697971450037
7,3,5,2.0,1.0,0.9927225988045321,0.9544883077696756
7,3,5,2.0,5.0,0.9928754732149299,0.954225352112676
7,3,5,2.0,10.0,0.9929186659025464,0.9543401906673357
15,3,5,2.0,10.0,0.9928931028833449,0.9532193158953722
24,3,5,2.0,10.0,0.9928931028833449,0.9532193158953722
31,3,5,2.0,10.0,0.9928931028833449,0.9532193158953722
7,4,5,2.0,10.0,0.9929638734094104,0.9551330798479087
7,5,5,2.0,10.0,0.9929686586051228,0.9546142208774584
7,6,5,2.0,10.0,0.9929736956532417,0.9552313883299799
7,-1,5,2.0,10.0,0.9929736956532417,0.9552313883299799
7,6,20,2.0,10.0,0.992968280826514,0.9549004787100025
7,6,50,2.0,10.0,0.9929661400810638,0.9552088575742325
7,6,100,2.0,10.0,0.9929369252019762,0.9538152610441767
7,6,5,0.0,10.0,0.9927545840600849,0.9549911993965301
7,6,5,0.25,10.0,0.992764280377713,0.9549004787100025
7,6,5,0.5,10.0,0.9928143990064927,0.9554716981132075
7,6,5,1.0,10.0,0.992868043568955,0.954384186517993
7,6,5,2.0,0.0,0.992847517597872,0.954649100582721
7,6,5,2.0,1.0,0.9928052063936763,0.9548777413662718
7,6,5,2.0,2.0,0.9928546953914409,0.955050505050505
7,6,5,2.0,5.0,0.9929244585078828,0.9548777413662718
15,6,5,2.0,10.0,0.9926867098366875,0.9537223340040242
24,6,5,2.0,10.0,0.9926790283383068,0.9517668300232138
31,6,5,2.0,10.0,0.9926937617040535,0.95361875637105
