ra,rl,nl,md,auc,f1
1.0,10.0,7,6,0.9929662660072668,0.9546142208774584
1.0,10.0,15,6,0.9926164430154338,0.9525752167261601
1.0,20.0,7,6,0.9930147475954076,0.953511874684184
1.0,20.0,15,6,0.9927599988868124,0.953125
1.0,40.0,7,6,0.9929920808788743,0.9529411764705882
1.0,40.0,15,6,0.9928371916492289,0.9531013615733737
1.0,80.0,7,6,0.9927807767103013,0.9513375796178344
1.0,80.0,15,6,0.9926873394677024,0.950214809198888
2.0,10.0,7,6,0.9930084512852594,0.954049251078954
2.0,10.0,15,6,0.992747658118922,0.9540085448605177
2.0,20.0,7,6,0.9930195327911202,0.9533887629125725
2.0,20.0,15,6,0.9928538139080203,0.9537995455693007
2.0,40.0,7,6,0.9929799919633898,0.9530851606323304
2.0,40.0,15,6,0.9928813917464693,0.9538694227375851
2.0,80.0,7,6,0.9927564729531292,0.9500764136525726
2.0,80.0,15,6,0.9926885987297321,0.9503042596348884
5.0,10.0,7,6,0.9930964737011311,0.9528585757271816
5.0,10.0,15,6,0.9929529178297526,0.9537060460409815
5.0,20.0,7,6,0.9930389254263766,0.9536121673003802
5.0,20.0,15,6,0.9929151399688634,0.9527699770232321
5.0,40.0,7,6,0.9928917176951122,0.9525267993874426
5.0,40.0,15,6,0.9928399620256941,0.9518471337579618
5.0,80.0,7,6,0.9926341986100518,0.9487309644670051
5.0,80.0,15,6,0.9925366058027549,0.9497601615753598
10.0,10.0,7,6,0.9928562065058766,0.9505102040816327
10.0,10.0,15,6,0.9926328134218191,0.9503403075371818
10.0,20.0,7,6,0.9928181767925814,0.949746192893401
10.0,20.0,15,6,0.9926413764036206,0.950063371356147
10.0,40.0,7,6,0.9927295247456951,0.948332909137185
10.0,40.0,15,6,0.9925562502904173,0.94998730642295
10.0,80.0,7,6,0.9923804573110802,0.945925361766946
10.0,80.0,15,6,0.9922371532921076,0.9455095862764884
